{"cameraMode":{"drawMode":0,"name":"Shaded","section":"Shading Mode"},"sceneLighting":true,"audioPlay":false,"sceneViewState":{"showFog":false,"showMaterialUpdate":false,"showSkybox":true,"showFlares":false,"showImageEffects":false,"showParticleSystems":false},"in2DMode":false,"pivot":{"x":-37.823341369628909,"y":9.412574768066407,"z":77.65228271484375},"rotation":{"x":-0.2163233906030655,"y":0.7551116347312927,"z":-0.30256378650665285,"w":-0.5398836731910706},"size":5.10836124420166,"orthographic":false}